Method,Silhouette,NMI,ARI,Purity
Baseline (PCA+KMeans),0.13561007380485535,0.04126322385843672,0.020650774189162703,0.3102094240837696
Baseline (Spectral),0.08707594871520996,0.035247519478037725,0.01914165003960074,0.299738219895288
Baseline (Autoencoder),0.09562849998474121,0.031726677807065076,0.01835330960844079,0.29712041884816753
Beta-VAE (b=4.0),0.20748865604400635,0.03142623809327297,0.0174000660269984,0.3023560209424084
CVAE (Latent),0.08456616848707199,0.013734588538527418,0.0014793000111487174,0.2761780104712042
